<?xml version="1.0" encoding="UTF-8"?>
<project-private xmlns="http://www.netbeans.org/ns/project-private/1">
    <editor-bookmarks xmlns="http://www.netbeans.org/ns/editor-bookmarks/2" lastBookmarkId="0"/>
    <open-files xmlns="http://www.netbeans.org/ns/projectui-open-files/2">
        <group>
            <file>file:/C:/Users/pc/Documents/New%20Folder/VideoGameStore/src/java/controllers/ListCustomerServlet.java</file>
            <file>file:/C:/Users/pc/Documents/New%20Folder/VideoGameStore/src/java/util/DatabaseConnector.java</file>
            <file>file:/C:/Users/pc/Documents/New%20Folder/VideoGameStore/web/index.html</file>
        </group>
    </open-files>
</project-private>
